<?xml version="1.0" encoding="UTF-8"?>
<tableauxTrains xmlns:tvs="http://tvs.sncf.fr/" xmlns="http://tvs.sncf.fr/schema" xmlns:xsi="http://www.w3.org/2001/XMLSchema-instance" xsi:schemaLocation="tvs.xsd">
	<tableauTrains id="CTR" maj="2022-10-31T12:44:50.421+01:00">
		<train ligne="1">
			<origdest>MAZAMET</origdest>
			<num>7838</num>
			<type>TGV</type>
			<picto>40</picto>
			<attribut_voie>
			</attribut_voie>
			<voie>A</voie>
			<heure>2022-05-30T06:13:00.000+01:00</heure>
			<etat/>
			<retard>1530</retard>
		</train>
	</tableauTrains>
</tableauxTrains>
